Workbook

Sheet 요약
A1: 게릴라 배포 실험 — 요약
A2: 플레이북 §7.3 단지 실험. 아래 숫자는 전부 자동 계산됩니다 — 노란 칸만 직접 입력하세요.
A4: 판정 기준 전환율 | B4: 0.03 | C4: ← 플레이북 §7.2 보수 시나리오 하한. 이 값을 넘으면 '집중', 못 넘으면 '보류'로 판정합니다.
A6: 단지별 — 어디에 자원을 몰 것인가
A7: 구분 | B7: 배포 대수 | C7: 문의 수 | D7: 구독 전환 | E7: 문의율 | F7: 전환율 | G7: 판정
A8: A 단지 | B8: =SUMIF(배포기록!$J$4:$J$12,"A",배포기록!$D$4:$D$12) -> 0 | C8: =SUMIF(배포기록!$J$4:$J$12,"A",배포기록!$E$4:$E$12) -> 0 | D8: =SUMIF(배포기록!$J$4:$J$12,"A",배포기록!$F$4:$F$12) -> 0 | E8: =IFERROR(C8/B8,"") | F8: =IFERROR(D8/B8,"") | G8: =IF(B8=0,"미집계",IF(F8>=요약!$B$4,"집중","보류")) -> 미집계
A9: B 단지 | B9: =SUMIF(배포기록!$J$4:$J$12,"B",배포기록!$D$4:$D$12) -> 0 | C9: =SUMIF(배포기록!$J$4:$J$12,"B",배포기록!$E$4:$E$12) -> 0 | D9: =SUMIF(배포기록!$J$4:$J$12,"B",배포기록!$F$4:$F$12) -> 0 | E9: =IFERROR(C9/B9,"") | F9: =IFERROR(D9/B9,"") | G9: =IF(B9=0,"미집계",IF(F9>=요약!$B$4,"집중","보류")) -> 미집계
A10: C 단지 | B10: =SUMIF(배포기록!$J$4:$J$12,"C",배포기록!$D$4:$D$12) -> 0 | C10: =SUMIF(배포기록!$J$4:$J$12,"C",배포기록!$E$4:$E$12) -> 0 | D10: =SUMIF(배포기록!$J$4:$J$12,"C",배포기록!$F$4:$F$12) -> 0 | E10: =IFERROR(C10/B10,"") | F10: =IFERROR(D10/B10,"") | G10: =IF(B10=0,"미집계",IF(F10>=요약!$B$4,"집중","보류")) -> 미집계
A13: 회차별 — 반복 노출이 전환을 올리는가
A14: 구분 | B14: 배포 대수 | C14: 문의 수 | D14: 구독 전환 | E14: 문의율 | F14: 전환율 | G14: 판정
A15: 1차 배포 | B15: =SUMIF(배포기록!$K$4:$K$12,"1",배포기록!$D$4:$D$12) -> 0 | C15: =SUMIF(배포기록!$K$4:$K$12,"1",배포기록!$E$4:$E$12) -> 0 | D15: =SUMIF(배포기록!$K$4:$K$12,"1",배포기록!$F$4:$F$12) -> 0 | E15: =IFERROR(C15/B15,"") | F15: =IFERROR(D15/B15,"") | G15: =IF(B15=0,"미집계",IF(F15>=요약!$B$4,"집중","보류")) -> 미집계
A16: 2차 배포 | B16: =SUMIF(배포기록!$K$4:$K$12,"2",배포기록!$D$4:$D$12) -> 0 | C16: =SUMIF(배포기록!$K$4:$K$12,"2",배포기록!$E$4:$E$12) -> 0 | D16: =SUMIF(배포기록!$K$4:$K$12,"2",배포기록!$F$4:$F$12) -> 0 | E16: =IFERROR(C16/B16,"") | F16: =IFERROR(D16/B16,"") | G16: =IF(B16=0,"미집계",IF(F16>=요약!$B$4,"집중","보류")) -> 미집계
A17: 3차 배포 | B17: =SUMIF(배포기록!$K$4:$K$12,"3",배포기록!$D$4:$D$12) -> 0 | C17: =SUMIF(배포기록!$K$4:$K$12,"3",배포기록!$E$4:$E$12) -> 0 | D17: =SUMIF(배포기록!$K$4:$K$12,"3",배포기록!$F$4:$F$12) -> 0 | E17: =IFERROR(C17/B17,"") | F17: =IFERROR(D17/B17,"") | G17: =IF(B17=0,"미집계",IF(F17>=요약!$B$4,"집중","보류")) -> 미집계
A20: 채널별 — 어느 경로로 들어오는가
A21: 유입경로 | B21: 문의 수 | C21: 구독 전환 | D21: 성사율 (문의 대비)
A22: QR문자 | B22: =COUNTIFS(문의접수!$E$5:$E$503,$A22) -> 0 | C22: =COUNTIFS(문의접수!$E$5:$E$503,$A22,문의접수!$F$5:$F$503,"Y") -> 0 | D22: =IFERROR(C22/B22,"")
A23: 전화 | B23: =COUNTIFS(문의접수!$E$5:$E$503,$A23) -> 0 | C23: =COUNTIFS(문의접수!$E$5:$E$503,$A23,문의접수!$F$5:$F$503,"Y") -> 0 | D23: =IFERROR(C23/B23,"")
A24: 카톡 | B24: =COUNTIFS(문의접수!$E$5:$E$503,$A24) -> 0 | C24: =COUNTIFS(문의접수!$E$5:$E$503,$A24,문의접수!$F$5:$F$503,"Y") -> 0 | D24: =IFERROR(C24/B24,"")
A25: 대면 | B25: =COUNTIFS(문의접수!$E$5:$E$503,$A25) -> 0 | C25: =COUNTIFS(문의접수!$E$5:$E$503,$A25,문의접수!$F$5:$F$503,"Y") -> 0 | D25: =IFERROR(C25/B25,"")
A26: 인스타 | B26: =COUNTIFS(문의접수!$E$5:$E$503,$A26) -> 0 | C26: =COUNTIFS(문의접수!$E$5:$E$503,$A26,문의접수!$F$5:$F$503,"Y") -> 0 | D26: =IFERROR(C26/B26,"")
A27: 네이버 | B27: =COUNTIFS(문의접수!$E$5:$E$503,$A27) -> 0 | C27: =COUNTIFS(문의접수!$E$5:$E$503,$A27,문의접수!$F$5:$F$503,"Y") -> 0 | D27: =IFERROR(C27/B27,"")
A28: 당근 | B28: =COUNTIFS(문의접수!$E$5:$E$503,$A28) -> 0 | C28: =COUNTIFS(문의접수!$E$5:$E$503,$A28,문의접수!$F$5:$F$503,"Y") -> 0 | D28: =IFERROR(C28/B28,"")
A29: 기타 | B29: =COUNTIFS(문의접수!$E$5:$E$503,$A29) -> 0 | C29: =COUNTIFS(문의접수!$E$5:$E$503,$A29,문의접수!$F$5:$F$503,"Y") -> 0 | D29: =IFERROR(C29/B29,"")
A30: ※ 성사율의 분모는 '문의 수'입니다. 위 두 블록의 전환율(분모=배포 대수)과 다른 지표이니 섞어서 비교하지 마세요.
A33: 종합
A34: 총 배포 대수 | B34: =배포기록!D13 -> 0
A35: 총 문의 수 | B35: =배포기록!E13 -> 0
A36: 총 구독 전환 | B36: =배포기록!F13 -> 0
A37: 종합 전환율 | B37: =IFERROR(B36/B34,"")
A38: 월 증가 매출 | B38: =B36*80000 -> 0
A39: 자원 집중 대상 | B39: =IF(SUM(B34)=0,"데이터 없음",INDEX($A$8:$A$10,MATCH(MAX($F$8:$F$10),$F$8:$F$10,0))) -> 데이터 없음 | C39: ← 4주 후 이 단지에 자원을 몰아넣고 나머지에서 뺍니다 (플레이북 §0 초집중 시나리오).

Sheet 배포기록
A1: 배포 기록 — 코드별 분모
A2: 노란 칸(단지명·배포일·배포 대수)만 직접 입력하세요. 문의 수부터는 '문의접수' 시트에서 자동으로 집계됩니다.
A3: 코드 | B3: 단지명 | C3: 배포일 | D3: 배포 대수 | E3: 문의 수 | F3: 구독 전환 | G3: 문의율 | H3: 전환율 | I3: 판정 | J3: 단지 | K3: 회차
A4: WJ-A1 | E4: =COUNTIFS(문의접수!$B$5:$B$503,$A4) -> 0 | F4: =COUNTIFS(문의접수!$B$5:$B$503,$A4,문의접수!$F$5:$F$503,"Y") -> 0 | G4: =IFERROR(E4/D4,"") | H4: =IFERROR(F4/D4,"") | I4: =IF(N(D4)=0,"미집계",IF(H4>=요약!$B$4,"집중","보류")) -> 미집계 | J4: =MID($A4,4,1) -> A | K4: =MID($A4,5,1) -> 1
A5: WJ-A2 | E5: =COUNTIFS(문의접수!$B$5:$B$503,$A5) -> 0 | F5: =COUNTIFS(문의접수!$B$5:$B$503,$A5,문의접수!$F$5:$F$503,"Y") -> 0 | G5: =IFERROR(E5/D5,"") | H5: =IFERROR(F5/D5,"") | I5: =IF(N(D5)=0,"미집계",IF(H5>=요약!$B$4,"집중","보류")) -> 미집계 | J5: =MID($A5,4,1) -> A | K5: =MID($A5,5,1) -> 2
A6: WJ-A3 | E6: =COUNTIFS(문의접수!$B$5:$B$503,$A6) -> 0 | F6: =COUNTIFS(문의접수!$B$5:$B$503,$A6,문의접수!$F$5:$F$503,"Y") -> 0 | G6: =IFERROR(E6/D6,"") | H6: =IFERROR(F6/D6,"") | I6: =IF(N(D6)=0,"미집계",IF(H6>=요약!$B$4,"집중","보류")) -> 미집계 | J6: =MID($A6,4,1) -> A | K6: =MID($A6,5,1) -> 3
A7: WJ-B1 | E7: =COUNTIFS(문의접수!$B$5:$B$503,$A7) -> 0 | F7: =COUNTIFS(문의접수!$B$5:$B$503,$A7,문의접수!$F$5:$F$503,"Y") -> 0 | G7: =IFERROR(E7/D7,"") | H7: =IFERROR(F7/D7,"") | I7: =IF(N(D7)=0,"미집계",IF(H7>=요약!$B$4,"집중","보류")) -> 미집계 | J7: =MID($A7,4,1) -> B | K7: =MID($A7,5,1) -> 1
A8: WJ-B2 | E8: =COUNTIFS(문의접수!$B$5:$B$503,$A8) -> 0 | F8: =COUNTIFS(문의접수!$B$5:$B$503,$A8,문의접수!$F$5:$F$503,"Y") -> 0 | G8: =IFERROR(E8/D8,"") | H8: =IFERROR(F8/D8,"") | I8: =IF(N(D8)=0,"미집계",IF(H8>=요약!$B$4,"집중","보류")) -> 미집계 | J8: =MID($A8,4,1) -> B | K8: =MID($A8,5,1) -> 2
A9: WJ-B3 | E9: =COUNTIFS(문의접수!$B$5:$B$503,$A9) -> 0 | F9: =COUNTIFS(문의접수!$B$5:$B$503,$A9,문의접수!$F$5:$F$503,"Y") -> 0 | G9: =IFERROR(E9/D9,"") | H9: =IFERROR(F9/D9,"") | I9: =IF(N(D9)=0,"미집계",IF(H9>=요약!$B$4,"집중","보류")) -> 미집계 | J9: =MID($A9,4,1) -> B | K9: =MID($A9,5,1) -> 3
A10: WJ-C1 | E10: =COUNTIFS(문의접수!$B$5:$B$503,$A10) -> 0 | F10: =COUNTIFS(문의접수!$B$5:$B$503,$A10,문의접수!$F$5:$F$503,"Y") -> 0 | G10: =IFERROR(E10/D10,"") | H10: =IFERROR(F10/D10,"") | I10: =IF(N(D10)=0,"미집계",IF(H10>=요약!$B$4,"집중","보류")) -> 미집계 | J10: =MID($A10,4,1) -> C | K10: =MID($A10,5,1) -> 1
A11: WJ-C2 | E11: =COUNTIFS(문의접수!$B$5:$B$503,$A11) -> 0 | F11: =COUNTIFS(문의접수!$B$5:$B$503,$A11,문의접수!$F$5:$F$503,"Y") -> 0 | G11: =IFERROR(E11/D11,"") | H11: =IFERROR(F11/D11,"") | I11: =IF(N(D11)=0,"미집계",IF(H11>=요약!$B$4,"집중","보류")) -> 미집계 | J11: =MID($A11,4,1) -> C | K11: =MID($A11,5,1) -> 2
A12: WJ-C3 | E12: =COUNTIFS(문의접수!$B$5:$B$503,$A12) -> 0 | F12: =COUNTIFS(문의접수!$B$5:$B$503,$A12,문의접수!$F$5:$F$503,"Y") -> 0 | G12: =IFERROR(E12/D12,"") | H12: =IFERROR(F12/D12,"") | I12: =IF(N(D12)=0,"미집계",IF(H12>=요약!$B$4,"집중","보류")) -> 미집계 | J12: =MID($A12,4,1) -> C | K12: =MID($A12,5,1) -> 3
A13: 합계 | D13: =SUM(D4:D12) -> 0 | E13: =SUM(E4:E12) -> 0 | F13: =SUM(F4:F12) -> 0 | G13: =IFERROR(E13/D13,"") | H13: =IFERROR(F13/D13,"")
A15: ※ '단지'·'회차'는 코드에서 자동으로 뽑은 값입니다. 건드리지 마세요.
A16: ※ 배포 대수는 배포 당일 차에서 바로 적으세요. 이 숫자가 없으면 전환율의 분모가 없어 실험 전체가 무의미해집니다.

Sheet 문의접수
A1: 문의 접수 — 문의 1건당 1행
A2: 문의가 오면 이 시트에 한 줄 추가하세요. QR로 온 문자에는 코드가 이미 찍혀 있고, 전화로 오면 '코드 말씀해주시면 첫 달 1만 원 할인'으로 받아냅니다.
A3: 접수일 | B3: 코드 | C3: 이름 | D3: 연락처 | E3: 유입경로 | F3: 구독 전환 | G3: 첫 방문일 | H3: 월 구독료 | I3: 메모
A4: 2026-08-12 | B4: WJ-A1 | C4: 김○○ | D4: 010-0000-0000 | E4: QR문자 | F4: Y | G4: 2026-08-14 | H4: 80000 | I4: ← 예시 행. 집계 범위(5행부터) 밖이라 숫자에 잡히지 않습니다. 덮어쓰거나 지우세요.
A46: ※ '구독 전환'에 Y를 넣는 순간 배포기록·요약의 전환율이 함께 움직입니다.

Sheet 안내
A1: 쓰는 법
A3: 색 규칙
A4: 노란 칸 / 파란 글씨 | B4: 직접 입력하는 곳. 이것만 채우면 됩니다.
A5: 검은 글씨 | B5: 수식이 계산합니다. 건드리면 집계가 깨집니다.
A7: 순서
A8: ① 배포 당일 | B8: '배포기록'에 단지명·배포일·배포 대수를 적습니다. 차에서 바로.
A9: ② 문의가 올 때 | B9: '문의접수'에 한 줄 추가. 코드는 목록에서 고릅니다.
A10: ③ 구독이 성사되면 | B10: 그 행의 '구독 전환'을 Y로 바꿉니다. 나머지는 자동입니다.
A11: ④ 4주 후 | B11: '요약'의 판정을 봅니다. '집중'이 뜬 단지에 자원을 몰아넣습니다.
A13: 코드 읽는 법
A14: WJ-A1 | B14: WJ=운정 · A=단지 · 1=배포 회차
A16: 주의
A17: 배포 대수를 빠뜨리지 마세요 | B17: 문의 수는 분자, 배포 대수는 분모입니다. 분모가 없으면 전환율이 안 나오고 실험 전체가 무의미해집니다.
A18: 문의접수 4행은 예시입니다 | B18: 집계는 5행부터입니다. 덮어쓰거나 지우셔도 됩니다.
A19: 판정 기준 3% | B19: '요약' B4에서 바꿀 수 있습니다. 플레이북 §7.2 보수 시나리오의 하한값입니다.
